flt_date,flt_no,a,b,c,aircraft,ab_pax,bc_pax,ac_pax,ab_duration,bc_duration,ac_duration
2023-01-01,86i3lia5Jj4=,zwVGiYamVc0=,FWD6O2fHsIU=,wSF4qXvI044=,738,2.33,4.2,1.87,83,29,113
2023-01-02,86i3lia5Jj4=,zwVGiYamVc0=,FWD6O2fHsIU=,wSF4qXvI044=,738,2.48,4.43,1.95,127,29,108
2023-01-03,86i3lia5Jj4=,zwVGiYamVc0=,FWD6O2fHsIU=,wSF4qXvI044=,738,2.53,4.53,2.0,112,46,102
2023-01-04,86i3lia5Jj4=,zwVGiYamVc0=,FWD6O2fHsIU=,wSF4qXvI044=,738,2.38,4.2,1.82,110,34,119
2023-01-05,86i3lia5Jj4=,zwVGiYamVc0=,FWD6O2fHsIU=,wSF4qXvI044=,738,2.57,4.37,1.8,120,39,115
2023-01-06,86i3lia5Jj4=,zwVGiYamVc0=,FWD6O2fHsIU=,wSF4qXvI044=,738,2.42,4.4,1.98,93,60,99
2023-01-07,86i3lia5Jj4=,zwVGiYamVc0=,FWD6O2fHsIU=,wSF4qXvI044=,738,2.47,4.5,2.03,119,38,108
2023-01-08,86i3lia5Jj4=,zwVGiYamVc0=,FWD6O2fHsIU=,wSF4qXvI044=,738,2.33,4.3,1.97,126,34,115
2023-01-09,86i3lia5Jj4=,zwVGiYamVc0=,FWD6O2fHsIU=,wSF4qXvI044=,738,2.4,4.35,1.95,108,42,102
2023-01-10,86i3lia5Jj4=,zwVGiYamVc0=,FWD6O2fHsIU=,wSF4qXvI044=,738,2.45,4.37,1.92,107,47,117
2023-01-11,86i3lia5Jj4=,zwVGiYamVc0=,FWD6O2fHsIU=,wSF4qXvI044=,738,2.33,4.3,1.97,111,40,119
2023-01-12,86i3lia5Jj4=,zwVGiYamVc0=,FWD6O2fHsIU=,wSF4qXvI044=,738,2.17,3.95,1.78,120,37,126
2023-01-13,86i3lia5Jj4=,zwVGiYamVc0=,FWD6O2fHsIU=,wSF4qXvI044=,738,2.1,4.2,2.1,114,41,125
2023-01-14,86i3lia5Jj4=,zwVGiYamVc0=,FWD6O2fHsIU=,wSF4qXvI044=,738,2.38,4.48,2.1,114,43,118
2023-01-15,86i3lia5Jj4=,zwVGiYamVc0=,FWD6O2fHsIU=,wSF4qXvI044=,738,2.5,4.3,1.8,100,52,91
2023-01-16,86i3lia5Jj4=,zwVGiYamVc0=,FWD6O2fHsIU=,wSF4qXvI044=,738,2.6,4.48,1.88,87,60,91
2023-01-17,86i3lia5Jj4=,zwVGiYamVc0=,FWD6O2fHsIU=,wSF4qXvI044=,738,2.58,4.4,1.82,107,49,112
2023-01-18,86i3lia5Jj4=,zwVGiYamVc0=,FWD6O2fHsIU=,wSF4qXvI044=,738,2.32,4.34,2.02,75,67,90
2023-01-19,86i3lia5Jj4=,zwVGiYamVc0=,FWD6O2fHsIU=,wSF4qXvI044=,738,2.43,4.25,1.82,99,58,81
2023-01-20,86i3lia5Jj4=,zwVGiYamVc0=,FWD6O2fHsIU=,wSF4qXvI044=,738,2.4,4.27,1.87,89,60,86
2023-01-21,86i3lia5Jj4=,zwVGiYamVc0=,FWD6O2fHsIU=,wSF4qXvI044=,738,2.25,4.0,1.75,86,73,72
2023-01-22,86i3lia5Jj4=,zwVGiYamVc0=,FWD6O2fHsIU=,wSF4qXvI044=,738,2.47,4.25,1.78,85,52,108
2023-01-23,86i3lia5Jj4=,zwVGiYamVc0=,FWD6O2fHsIU=,wSF4qXvI044=,738,2.48,4.36,1.88,72,38,107
2023-01-24,86i3lia5Jj4=,zwVGiYamVc0=,FWD6O2fHsIU=,wSF4qXvI044=,738,2.38,4.38,2.0,111,33,116
2023-01-25,86i3lia5Jj4=,zwVGiYamVc0=,FWD6O2fHsIU=,wSF4qXvI044=,738,2.4,4.45,2.05,54,48,89
2023-01-26,86i3lia5Jj4=,zwVGiYamVc0=,FWD6O2fHsIU=,wSF4qXvI044=,738,2.47,4.34,1.87,20,99,56
2023-01-27,86i3lia5Jj4=,zwVGiYamVc0=,FWD6O2fHsIU=,wSF4qXvI044=,738,2.62,4.67,2.05,71,86,72
2023-01-28,86i3lia5Jj4=,zwVGiYamVc0=,FWD6O2fHsIU=,wSF4qXvI044=,738,2.45,4.38,1.93,60,97,63
2023-01-29,86i3lia5Jj4=,zwVGiYamVc0=,FWD6O2fHsIU=,wSF4qXvI044=,738,2.4,4.35,1.95,82,81,76
2023-01-30,86i3lia5Jj4=,zwVGiYamVc0=,FWD6O2fHsIU=,wSF4qXvI044=,738,2.5,4.57,2.07,96,60,99
2023-01-31,86i3lia5Jj4=,zwVGiYamVc0=,FWD6O2fHsIU=,wSF4qXvI044=,738,2.72,4.57,1.85,66,82,80
2023-02-01,86i3lia5Jj4=,zwVGiYamVc0=,FWD6O2fHsIU=,wSF4qXvI044=,738,2.42,4.25,1.83,68,85,76
2023-02-02,86i3lia5Jj4=,zwVGiYamVc0=,FWD6O2fHsIU=,wSF4qXvI044=,738,2.33,4.15,1.82,65,91,64
2023-02-03,86i3lia5Jj4=,zwVGiYamVc0=,FWD6O2fHsIU=,wSF4qXvI044=,738,2.38,4.26,1.88,56,94,67
2023-02-04,86i3lia5Jj4=,zwVGiYamVc0=,FWD6O2fHsIU=,wSF4qXvI044=,738,2.32,4.34,2.02,50,92,67
2023-02-05,86i3lia5Jj4=,zwVGiYamVc0=,FWD6O2fHsIU=,wSF4qXvI044=,738,2.45,4.23,1.78,62,76,66
2023-02-06,86i3lia5Jj4=,zwVGiYamVc0=,FWD6O2fHsIU=,wSF4qXvI044=,738,2.33,4.15,1.82,52,88,69
2023-02-07,86i3lia5Jj4=,zwVGiYamVc0=,FWD6O2fHsIU=,wSF4qXvI044=,738,2.38,4.25,1.87,54,89,68
2023-02-08,86i3lia5Jj4=,zwVGiYamVc0=,FWD6O2fHsIU=,wSF4qXvI044=,738,2.42,4.24,1.82,79,54,96
2023-02-09,86i3lia5Jj4=,zwVGiYamVc0=,FWD6O2fHsIU=,wSF4qXvI044=,738,2.3,4.17,1.87,61,77,88
2023-02-10,86i3lia5Jj4=,zwVGiYamVc0=,FWD6O2fHsIU=,wSF4qXvI044=,738,2.5,4.4,1.9,68,75,84
2023-02-11,86i3lia5Jj4=,zwVGiYamVc0=,FWD6O2fHsIU=,wSF4qXvI044=,738,2.38,4.26,1.88,87,63,94
2023-02-12,86i3lia5Jj4=,zwVGiYamVc0=,FWD6O2fHsIU=,wSF4qXvI044=,738,2.55,4.35,1.8,66,71,86
2023-02-13,86i3lia5Jj4=,zwVGiYamVc0=,FWD6O2fHsIU=,wSF4qXvI044=,738,2.42,4.37,1.95,61,81,76
2023-02-14,86i3lia5Jj4=,zwVGiYamVc0=,FWD6O2fHsIU=,wSF4qXvI044=,738,2.35,4.38,2.03,43,93,70
2023-02-15,86i3lia5Jj4=,zwVGiYamVc0=,FWD6O2fHsIU=,wSF4qXvI044=,738,2.38,4.31,1.93,38,78,91
2023-02-16,86i3lia5Jj4=,zwVGiYamVc0=,FWD6O2fHsIU=,wSF4qXvI044=,738,2.4,4.25,1.85,48,85,77
2023-02-17,86i3lia5Jj4=,zwVGiYamVc0=,FWD6O2fHsIU=,wSF4qXvI044=,738,2.37,4.37,2.0,72,84,78
2023-02-18,86i3lia5Jj4=,zwVGiYamVc0=,FWD6O2fHsIU=,wSF4qXvI044=,738,2.37,3.99,1.62,92,62,82
2023-02-19,86i3lia5Jj4=,zwVGiYamVc0=,FWD6O2fHsIU=,wSF4qXvI044=,738,2.42,4.34,1.92,64,88,79
2023-02-20,86i3lia5Jj4=,zwVGiYamVc0=,FWD6O2fHsIU=,wSF4qXvI044=,738,2.35,4.25,1.9,72,62,95
2023-02-21,86i3lia5Jj4=,zwVGiYamVc0=,FWD6O2fHsIU=,wSF4qXvI044=,738,2.68,4.68,2.0,93,39,107
2023-02-22,86i3lia5Jj4=,zwVGiYamVc0=,FWD6O2fHsIU=,wSF4qXvI044=,738,2.38,4.28,1.9,61,60,95
2023-02-23,86i3lia5Jj4=,zwVGiYamVc0=,FWD6O2fHsIU=,wSF4qXvI044=,738,2.78,4.73,1.95,78,45,102
2023-02-24,86i3lia5Jj4=,zwVGiYamVc0=,FWD6O2fHsIU=,wSF4qXvI044=,738,2.48,4.5,2.02,68,81,78
2023-02-25,86i3lia5Jj4=,zwVGiYamVc0=,FWD6O2fHsIU=,wSF4qXvI044=,738,2.53,4.53,2.0,90,63,76
2023-02-26,86i3lia5Jj4=,zwVGiYamVc0=,FWD6O2fHsIU=,wSF4qXvI044=,738,2.4,4.38,1.98,84,69,92
2023-02-27,86i3lia5Jj4=,zwVGiYamVc0=,FWD6O2fHsIU=,wSF4qXvI044=,738,2.37,4.29,1.92,65,78,71
2023-02-28,86i3lia5Jj4=,zwVGiYamVc0=,FWD6O2fHsIU=,wSF4qXvI044=,738,2.37,4.34,1.97,93,49,98
2023-03-01,86i3lia5Jj4=,zwVGiYamVc0=,FWD6O2fHsIU=,wSF4qXvI044=,738,2.4,4.27,1.87,97,33,120
2023-03-02,86i3lia5Jj4=,zwVGiYamVc0=,FWD6O2fHsIU=,wSF4qXvI044=,738,2.62,5.07,2.45,72,51,98
2023-03-03,86i3lia5Jj4=,zwVGiYamVc0=,FWD6O2fHsIU=,wSF4qXvI044=,738,2.52,4.79,2.27,101,34,123
2023-03-04,86i3lia5Jj4=,zwVGiYamVc0=,FWD6O2fHsIU=,wSF4qXvI044=,738,2.53,4.48,1.95,73,60,76
2023-03-05,86i3lia5Jj4=,zwVGiYamVc0=,FWD6O2fHsIU=,wSF4qXvI044=,738,2.82,4.84,2.02,80,62,85
2023-03-06,86i3lia5Jj4=,zwVGiYamVc0=,FWD6O2fHsIU=,wSF4qXvI044=,738,2.72,4.59,1.87,90,51,89
2023-03-07,86i3lia5Jj4=,zwVGiYamVc0=,FWD6O2fHsIU=,wSF4qXvI044=,738,2.65,4.58,1.93,94,31,112
2023-03-08,86i3lia5Jj4=,zwVGiYamVc0=,FWD6O2fHsIU=,wSF4qXvI044=,738,2.7,4.77,2.07,72,41,116
2023-03-09,86i3lia5Jj4=,zwVGiYamVc0=,FWD6O2fHsIU=,wSF4qXvI044=,738,2.67,4.7,2.03,95,25,138
2023-03-10,86i3lia5Jj4=,zwVGiYamVc0=,FWD6O2fHsIU=,wSF4qXvI044=,738,2.52,4.44,1.92,99,57,86
2023-03-11,86i3lia5Jj4=,zwVGiYamVc0=,FWD6O2fHsIU=,wSF4qXvI044=,738,2.38,4.33,1.95,109,52,95
2023-03-12,86i3lia5Jj4=,zwVGiYamVc0=,FWD6O2fHsIU=,wSF4qXvI044=,738,2.58,4.66,2.08,80,48,111
2023-03-13,86i3lia5Jj4=,zwVGiYamVc0=,FWD6O2fHsIU=,wSF4qXvI044=,738,2.58,4.68,2.1,95,50,87
2023-03-14,86i3lia5Jj4=,zwVGiYamVc0=,FWD6O2fHsIU=,wSF4qXvI044=,738,2.58,4.5,1.92,81,56,90
2023-03-15,86i3lia5Jj4=,zwVGiYamVc0=,FWD6O2fHsIU=,wSF4qXvI044=,738,2.57,4.5,1.93,66,78,75
2023-03-16,86i3lia5Jj4=,zwVGiYamVc0=,FWD6O2fHsIU=,wSF4qXvI044=,738,2.37,4.1,1.73,71,47,110
2023-03-17,86i3lia5Jj4=,zwVGiYamVc0=,FWD6O2fHsIU=,wSF4qXvI044=,738,2.62,4.49,1.87,69,56,102
2023-03-18,86i3lia5Jj4=,zwVGiYamVc0=,FWD6O2fHsIU=,wSF4qXvI044=,738,2.47,4.27,1.8,91,57,66
2023-03-19,86i3lia5Jj4=,zwVGiYamVc0=,FWD6O2fHsIU=,wSF4qXvI044=,738,2.47,4.32,1.85,64,51,92
2023-03-20,86i3lia5Jj4=,zwVGiYamVc0=,FWD6O2fHsIU=,wSF4qXvI044=,738,2.57,4.37,1.8,79,42,95
2023-03-21,86i3lia5Jj4=,zwVGiYamVc0=,FWD6O2fHsIU=,wSF4qXvI044=,738,2.55,4.33,1.78,69,48,96
2023-03-22,86i3lia5Jj4=,zwVGiYamVc0=,FWD6O2fHsIU=,wSF4qXvI044=,738,2.28,4.2,1.92,87,45,99
2023-03-23,86i3lia5Jj4=,zwVGiYamVc0=,FWD6O2fHsIU=,wSF4qXvI044=,738,2.48,4.35,1.87,80,66,94
2023-03-24,86i3lia5Jj4=,zwVGiYamVc0=,FWD6O2fHsIU=,wSF4qXvI044=,738,2.38,4.21,1.83,89,51,95
2023-03-25,86i3lia5Jj4=,zwVGiYamVc0=,FWD6O2fHsIU=,wSF4qXvI044=,738,2.48,4.38,1.9,81,71,83
2023-10-29,86i3lia5Jj4=,zwVGiYamVc0=,FWD6O2fHsIU=,wSF4qXvI044=,73D,2.42,4.34,1.92,68,27,133
2023-10-30,86i3lia5Jj4=,zwVGiYamVc0=,FWD6O2fHsIU=,wSF4qXvI044=,738,2.47,4.4,1.93,60,33,136
2023-10-31,86i3lia5Jj4=,zwVGiYamVc0=,FWD6O2fHsIU=,wSF4qXvI044=,738,2.53,4.38,1.85,92,37,109
2023-11-01,86i3lia5Jj4=,zwVGiYamVc0=,FWD6O2fHsIU=,wSF4qXvI044=,738,2.37,4.24,1.87,48,62,99
2023-11-02,86i3lia5Jj4=,zwVGiYamVc0=,FWD6O2fHsIU=,wSF4qXvI044=,738,2.62,4.55,1.93,75,47,81
2023-11-03,86i3lia5Jj4=,zwVGiYamVc0=,FWD6O2fHsIU=,wSF4qXvI044=,738,2.35,4.2,1.85,72,35,126
2023-11-04,86i3lia5Jj4=,zwVGiYamVc0=,FWD6O2fHsIU=,wSF4qXvI044=,738,2.27,4.15,1.88,90,40,95
2023-11-05,86i3lia5Jj4=,zwVGiYamVc0=,FWD6O2fHsIU=,wSF4qXvI044=,738,2.17,4.12,1.95,55,42,92
2023-11-06,86i3lia5Jj4=,zwVGiYamVc0=,FWD6O2fHsIU=,wSF4qXvI044=,738,2.35,4.2,1.85,55,43,94
2023-11-07,86i3lia5Jj4=,zwVGiYamVc0=,FWD6O2fHsIU=,wSF4qXvI044=,738,2.5,4.33,1.83,40,25,131
2023-11-08,86i3lia5Jj4=,zwVGiYamVc0=,FWD6O2fHsIU=,wSF4qXvI044=,738,2.3,4.12,1.82,86,19,147
2023-11-09,86i3lia5Jj4=,zwVGiYamVc0=,FWD6O2fHsIU=,wSF4qXvI044=,738,2.4,4.37,1.97,36,36,103
2023-11-10,86i3lia5Jj4=,zwVGiYamVc0=,FWD6O2fHsIU=,wSF4qXvI044=,738,2.45,4.35,1.9,69,42,103
2023-11-11,86i3lia5Jj4=,zwVGiYamVc0=,FWD6O2fHsIU=,wSF4qXvI044=,738,2.33,4.13,1.8,77,57,81
2023-11-12,86i3lia5Jj4=,zwVGiYamVc0=,FWD6O2fHsIU=,wSF4qXvI044=,738,2.42,4.24,1.82,25,50,79
2023-11-13,86i3lia5Jj4=,zwVGiYamVc0=,FWD6O2fHsIU=,wSF4qXvI044=,738,2.28,4.11,1.83,55,53,100
2023-11-14,86i3lia5Jj4=,zwVGiYamVc0=,FWD6O2fHsIU=,wSF4qXvI044=,73D,2.65,4.6,1.95,61,49,61
2023-11-15,86i3lia5Jj4=,zwVGiYamVc0=,FWD6O2fHsIU=,wSF4qXvI044=,738,2.4,4.33,1.93,64,26,80
2023-11-16,86i3lia5Jj4=,zwVGiYamVc0=,FWD6O2fHsIU=,wSF4qXvI044=,738,2.52,4.69,2.17,53,18,103
2023-11-17,86i3lia5Jj4=,zwVGiYamVc0=,FWD6O2fHsIU=,wSF4qXvI044=,738,2.65,4.8,2.15,76,51,80
2023-11-18,86i3lia5Jj4=,zwVGiYamVc0=,FWD6O2fHsIU=,wSF4qXvI044=,738,2.35,4.37,2.02,47,37,53
2023-11-19,86i3lia5Jj4=,zwVGiYamVc0=,FWD6O2fHsIU=,wSF4qXvI044=,738,2.42,4.32,1.9,103,26,98
2023-11-20,86i3lia5Jj4=,zwVGiYamVc0=,FWD6O2fHsIU=,wSF4qXvI044=,738,2.48,4.41,1.93,65,39,101
2023-11-21,86i3lia5Jj4=,zwVGiYamVc0=,FWD6O2fHsIU=,wSF4qXvI044=,738,2.38,4.25,1.87,57,60,97
2023-11-22,86i3lia5Jj4=,zwVGiYamVc0=,FWD6O2fHsIU=,wSF4qXvI044=,738,2.27,4.0,1.73,59,51,89
2023-11-23,86i3lia5Jj4=,zwVGiYamVc0=,FWD6O2fHsIU=,wSF4qXvI044=,738,2.32,4.22,1.9,40,35,81
2023-11-24,86i3lia5Jj4=,zwVGiYamVc0=,FWD6O2fHsIU=,wSF4qXvI044=,738,2.43,4.4,1.97,78,50,73
2023-11-25,86i3lia5Jj4=,zwVGiYamVc0=,FWD6O2fHsIU=,wSF4qXvI044=,738,2.3,4.22,1.92,74,70,40
2023-11-26,86i3lia5Jj4=,zwVGiYamVc0=,FWD6O2fHsIU=,wSF4qXvI044=,738,2.55,4.37,1.82,101,40,94
2023-11-27,86i3lia5Jj4=,zwVGiYamVc0=,FWD6O2fHsIU=,wSF4qXvI044=,73D,4.12,6.2,2.08,72,81,63
2023-11-28,86i3lia5Jj4=,zwVGiYamVc0=,FWD6O2fHsIU=,wSF4qXvI044=,738,2.47,4.5,2.03,72,55,82
2023-11-29,86i3lia5Jj4=,zwVGiYamVc0=,FWD6O2fHsIU=,wSF4qXvI044=,738,2.47,4.32,1.85,63,34,87
2023-11-30,86i3lia5Jj4=,zwVGiYamVc0=,FWD6O2fHsIU=,wSF4qXvI044=,738,2.35,4.33,1.98,72,67,85
2023-12-01,86i3lia5Jj4=,zwVGiYamVc0=,FWD6O2fHsIU=,wSF4qXvI044=,738,2.43,4.38,1.95,89,54,73
2023-12-02,86i3lia5Jj4=,zwVGiYamVc0=,FWD6O2fHsIU=,wSF4qXvI044=,738,2.42,4.24,1.82,75,35,45
2023-12-03,86i3lia5Jj4=,zwVGiYamVc0=,FWD6O2fHsIU=,wSF4qXvI044=,738,2.28,4.1,1.82,79,69,66
2023-12-04,86i3lia5Jj4=,zwVGiYamVc0=,FWD6O2fHsIU=,wSF4qXvI044=,73D,2.38,4.33,1.95,49,71,69
2023-12-05,86i3lia5Jj4=,zwVGiYamVc0=,FWD6O2fHsIU=,wSF4qXvI044=,738,2.48,4.43,1.95,76,30,67
2023-12-06,86i3lia5Jj4=,zwVGiYamVc0=,FWD6O2fHsIU=,wSF4qXvI044=,738,2.32,4.39,2.07,53,21,112
2023-12-07,86i3lia5Jj4=,zwVGiYamVc0=,FWD6O2fHsIU=,wSF4qXvI044=,738,2.58,4.46,1.88,83,32,132
2023-12-08,86i3lia5Jj4=,zwVGiYamVc0=,FWD6O2fHsIU=,wSF4qXvI044=,738,2.5,4.47,1.97,99,24,109
2023-12-09,86i3lia5Jj4=,zwVGiYamVc0=,FWD6O2fHsIU=,wSF4qXvI044=,738,2.33,4.15,1.82,104,38,88
2023-12-10,86i3lia5Jj4=,zwVGiYamVc0=,FWD6O2fHsIU=,wSF4qXvI044=,738,2.22,3.97,1.75,126,36,72
2023-12-11,86i3lia5Jj4=,zwVGiYamVc0=,FWD6O2fHsIU=,wSF4qXvI044=,738,2.38,4.21,1.83,100,13,67
2023-12-12,86i3lia5Jj4=,zwVGiYamVc0=,FWD6O2fHsIU=,wSF4qXvI044=,738,2.25,4.2,1.95,54,22,66
2023-12-13,86i3lia5Jj4=,zwVGiYamVc0=,FWD6O2fHsIU=,wSF4qXvI044=,738,2.23,3.98,1.75,47,27,73
2023-12-14,86i3lia5Jj4=,zwVGiYamVc0=,FWD6O2fHsIU=,wSF4qXvI044=,738,2.25,3.92,1.67,74,24,95
2023-12-15,86i3lia5Jj4=,zwVGiYamVc0=,FWD6O2fHsIU=,wSF4qXvI044=,738,2.4,4.38,1.98,80,44,123
2023-12-16,86i3lia5Jj4=,zwVGiYamVc0=,FWD6O2fHsIU=,wSF4qXvI044=,738,2.5,4.33,1.83,86,41,125
2023-12-17,86i3lia5Jj4=,zwVGiYamVc0=,FWD6O2fHsIU=,wSF4qXvI044=,738,2.35,4.15,1.8,100,49,83
2023-12-18,86i3lia5Jj4=,zwVGiYamVc0=,FWD6O2fHsIU=,wSF4qXvI044=,738,2.5,4.22,1.72,83,57,73
2023-12-19,86i3lia5Jj4=,zwVGiYamVc0=,FWD6O2fHsIU=,wSF4qXvI044=,738,2.27,4.27,2.0,70,67,65
2023-12-20,86i3lia5Jj4=,zwVGiYamVc0=,FWD6O2fHsIU=,wSF4qXvI044=,738,2.35,4.32,1.97,116,46,93
2023-12-21,86i3lia5Jj4=,zwVGiYamVc0=,FWD6O2fHsIU=,wSF4qXvI044=,738,2.52,4.35,1.83,76,73,88
2023-12-22,86i3lia5Jj4=,zwVGiYamVc0=,FWD6O2fHsIU=,wSF4qXvI044=,738,2.42,4.3,1.88,95,57,80
2023-12-23,86i3lia5Jj4=,zwVGiYamVc0=,FWD6O2fHsIU=,wSF4qXvI044=,73D,2.7,4.52,1.82,99,57,69
2023-12-24,86i3lia5Jj4=,zwVGiYamVc0=,FWD6O2fHsIU=,wSF4qXvI044=,738,2.3,4.23,1.93,91,73,59
2023-12-25,86i3lia5Jj4=,zwVGiYamVc0=,FWD6O2fHsIU=,wSF4qXvI044=,738,2.43,4.31,1.88,70,73,75
2023-12-26,86i3lia5Jj4=,zwVGiYamVc0=,FWD6O2fHsIU=,wSF4qXvI044=,738,2.42,4.37,1.95,83,57,88
2023-12-27,86i3lia5Jj4=,zwVGiYamVc0=,FWD6O2fHsIU=,wSF4qXvI044=,738,2.23,4.01,1.78,109,54,110
2023-12-28,86i3lia5Jj4=,zwVGiYamVc0=,FWD6O2fHsIU=,wSF4qXvI044=,738,2.25,4.1,1.85,87,77,74
2023-12-29,86i3lia5Jj4=,zwVGiYamVc0=,FWD6O2fHsIU=,wSF4qXvI044=,738,2.27,4.09,1.82,125,40,118
2023-12-30,86i3lia5Jj4=,zwVGiYamVc0=,FWD6O2fHsIU=,wSF4qXvI044=,738,2.6,4.82,2.22,92,50,101
2023-12-31,86i3lia5Jj4=,zwVGiYamVc0=,FWD6O2fHsIU=,wSF4qXvI044=,738,2.47,4.5,2.03,101,63,64
