flt_no,flt_date,aircraft,original_ab_price,original_bc_price,original_ac_price,original_ab_revenue,original_bc_revenue,original_ac_revenue,original_total_revenue,optimal_ab_price,optimal_bc_price,optimal_ac_price,predicted_ab_pax,predicted_bc_pax,predicted_ac_pax,allocated_ab_seats,allocated_bc_seats,allocated_ac_seats,expected_revenue,revenue_improvement,revenue_improvement_amount
4ZzUixjOkas=,2024-06-10,737,1181.08547008547,1181.08547008547,1181.08547008547,138187.0,65554.0,3220.0,206961.0,2331,1170,3688,94,85,10,116,116,12,355444,71.74443494184895,148483.0
T1S3Wvaoo74=,2024-06-30,320,534.3137254901961,534.3137254901961,534.3137254901961,54500.0,144500.0,26690.0,225690.0,1108,2101,2163,113,105,3,175,175,5,352298,56.09818777969782,126608.0
Lvc2e+2nFB0=,2024-06-23,320,577.7173913043479,577.7173913043479,577.7173913043479,26575.0,46045.0,55765.0,128385.0,1100,1232,1481,71,63,76,87,87,93,268272,108.9589905362776,139887.0
GLfHLRegmrc=,2024-06-18,ARJ,292.29411764705884,292.29411764705884,292.29411764705884,14907.0,21745.0,0.0,36652.0,408,304,421,51,54,14,71,71,19,43118,17.641602095383607,6466.0
Tdc9g6ophFU=,2024-06-13,738,1119.9204545454545,1119.9204545454545,1119.9204545454545,98553.0,41541.0,124172.0,264266.0,2476,1035,3449,81,104,58,114,114,64,508238,92.32061634867898,243972.0
Qb8G/8LIsac=,2024-06-18,737,167.0,167.0,167.0,501.0,66170.0,25000.0,91671.0,640,1974,2308,34,83,14,136,136,23,217914,137.71312628857544,126243.0
b6d29pf57wI=,2024-06-22,320,400.6928571428571,400.6928571428571,400.6928571428571,56097.0,55541.0,5930.0,117568.0,1233,1396,2487,85,90,20,129,129,29,280185,138.31739929232444,162617.0
yMzVnsdMBnc=,2024-06-30,737,425.99333333333334,425.99333333333334,425.99333333333334,63899.0,40202.0,17744.0,121845.0,983,1389,1983,125,140,41,146,146,43,398638,227.16812343551234,276793.0
hf7vk0e3c+w=,2024-06-12,737,293.0,293.0,293.0,8497.0,41841.0,26250.0,76588.0,497,788,1330,56,103,43,120,120,50,166186,116.98699535175223,89598.0
REDwHoHNRUM=,2024-06-13,737,311.19310344827585,311.19310344827585,311.19310344827585,45123.0,43512.0,11162.0,99797.0,992,855,1026,128,163,22,162,162,22,288058,188.64394721284208,188261.0
IFfJH38AcPI=,2024-06-21,320,326.3478260869565,326.3478260869565,326.3478260869565,22518.0,44684.0,74764.0,141966.0,690,2010,2639,72,74,60,99,99,81,356760,151.2996069481425,214794.0
M6h0CRxx1U4=,2024-06-17,320,644.5544554455446,644.5544554455446,644.5544554455446,65100.0,37624.0,34980.0,137704.0,1472,810,1514,118,115,23,132,132,26,301668,119.0698890373555,163964.0
fHXC8L6Bwew=,2024-06-28,738,969.8474576271186,969.8474576271186,969.8474576271186,114442.0,67426.0,42163.0,224031.0,1878,969,1989,109,127,24,145,145,27,375501,67.61117881007539,151470.0
8bv1Fbq9DEU=,2024-06-28,CRJ,594.4444444444445,594.4444444444445,594.4444444444445,10700.0,4105.0,33420.0,48225.0,935,522,1219,24,21,18,51,51,38,55344,14.762052877138412,7119.0
gXkvr7EBZNk=,2024-06-03,737,1160.2151898734178,1160.2151898734178,1160.2151898734178,91657.0,69720.0,5445.0,166822.0,2365,899,2798,72,90,18,107,107,21,301554,80.76392801908621,134732.0
Lbn9JElvWH4=,2024-06-02,320,722.1041666666666,722.1041666666666,722.1041666666666,34661.0,8659.0,61175.0,104495.0,1609,811,2225,41,37,62,69,69,105,233926,123.86334274367195,129431.0
mt0K+XtH5EA=,2024-06-18,738,650.8913043478261,650.8913043478261,650.8913043478261,59882.0,72214.0,23318.0,155414.0,1047,1481,1709,137,127,8,176,176,10,345198,122.11512476353481,189784.0
m4qcZWEVbws=,2024-06-08,ARJ,310.8478260869565,310.8478260869565,310.8478260869565,14299.0,5518.0,6940.0,26757.0,655,263,762,42,43,22,60,60,30,55583,107.73255596666293,28826.0
qrk5F/8EGrY=,2024-06-11,320,378.6551724137931,378.6551724137931,378.6551724137931,43924.0,44016.0,22534.0,110474.0,962,847,1583,112,93,27,132,132,32,229256,107.52032152361642,118782.0
BmuSFfpFMss=,2024-06-01,320,711.175,711.175,711.175,56894.0,20255.0,40390.0,117539.0,1230,766,1447,84,63,66,101,101,79,247080,110.21107887594756,129541.0
GFhuRVhUJ70=,2024-06-20,320,640.4545454545455,640.4545454545455,640.4545454545455,84540.0,156228.0,74060.0,314828.0,1370,1667,2006,107,88,40,131,131,49,373526,18.64446618471038,58698.0
yzmsRm0Bwwk=,2024-06-23,737,820.68,820.68,820.68,102585.0,64573.0,43544.0,210702.0,1325,939,1393,109,102,3,165,165,5,244382,15.984660800561931,33680.0
kZFa4pVTJBM=,2024-06-22,CRJ,489.5238095238095,489.5238095238095,489.5238095238095,20560.0,25935.0,25820.0,72315.0,1046,1015,1394,47,35,11,72,72,17,100021,38.3129364585494,27706.0
3KGHLOkH5EE=,2024-06-29,320,574.3207547169811,574.3207547169811,574.3207547169811,60878.0,90460.0,47718.0,199056.0,1274,1513,2025,94,95,32,123,123,41,328291,64.92394100152721,129235.0
/Eq9wx6EMyU=,2024-06-10,737,571.1612903225806,571.1612903225806,571.1612903225806,53118.0,44995.0,17920.0,116033.0,1476,896,1887,108,113,52,116,116,54,358780,209.20513991709254,242747.0
bCl4I3AtNhA=,2024-06-20,320,606.2678571428571,606.2678571428571,606.2678571428571,67902.0,49409.0,22010.0,139321.0,1622,1433,1947,96,105,7,148,148,10,319806,129.5461559994545,180485.0
LGLefxzZ8v4=,2024-06-14,320,713.7894736842105,713.7894736842105,713.7894736842105,13562.0,2205.0,55811.0,71578.0,1297,1144,1411,42,48,64,68,68,90,199690,178.98236888429406,128112.0
EAbTHg60zZY=,2024-06-17,737,472.6333333333333,472.6333333333333,472.6333333333333,42537.0,48719.0,15025.0,106281.0,972,1298,1474,76,129,0,134,134,0,241314,127.05281282637537,135033.0
EB5Sx2MJDAg=,2024-06-20,738,1168.09900990099,1168.09900990099,1168.09900990099,117978.0,37494.0,42189.0,197661.0,2320,1537,2419,122,93,3,168,168,4,433238,119.18233743631774,235577.0
i1pc0xzZ2TA=,2024-06-26,CRJ,910.75,910.75,910.75,76503.0,31410.0,3882.0,111795.0,1298,828,1409,70,63,10,78,78,11,157114,40.53759112661568,45319.0
FNFR9qKCc8w=,2024-06-10,737,518.4827586206897,518.4827586206897,518.4827586206897,75180.0,26100.0,18454.0,119734.0,1669,905,2101,175,142,0,189,189,0,420585,251.2661399435415,300851.0
2YmZgSa7x7s=,2024-06-01,738,383.1684210526316,383.1684210526316,383.1684210526316,36401.0,73738.0,3473.0,113612.0,845,934,1264,123,113,23,145,145,27,238549,109.96813716860896,124937.0
iL3fJ02gjcU=,2024-06-10,320,483.32089552238807,483.32089552238807,483.32089552238807,64765.0,48384.0,6259.0,119408.0,1321,900,1612,113,116,4,158,158,5,260121,117.84218812809861,140713.0
6Qy8VAqbyzg=,2024-06-22,320,608.3418803418804,608.3418803418804,608.3418803418804,71176.0,82580.0,49930.0,203686.0,1686,1112,2514,117,114,37,137,137,43,417048,104.75044922085957,213362.0
PcooYCwHKGQ=,2024-06-06,320,347.12359550561797,347.12359550561797,347.12359550561797,30894.0,126526.0,9407.0,166827.0,651,1296,1477,76,142,2,164,164,2,236462,41.74084530681485,69635.0
hxp4q4QvRCM=,2024-06-25,CRJ,500.10526315789474,500.10526315789474,500.10526315789474,9502.0,3150.0,24649.0,37301.0,878,1063,1258,37,34,36,45,45,44,113916,205.39663815983485,76615.0
xfYYCZtCTOA=,2024-06-20,738,548.5454545454545,548.5454545454545,548.5454545454545,54306.0,7140.0,24445.0,85891.0,1143,655,1380,97,46,25,148,148,38,175501,104.32990650941309,89610.0
C2OyQ+WYnfc=,2024-06-09,738,352.0873786407767,352.0873786407767,352.0873786407767,36265.0,103202.0,45291.0,184758.0,1013,2255,3335,99,92,28,139,139,39,401127,117.10940798233365,216369.0
5EvCA88tul0=,2024-06-30,737,791.7058823529412,791.7058823529412,791.7058823529412,53836.0,73057.0,44767.0,171660.0,1716,1233,1742,73,85,30,130,130,46,282333,64.47221251310731,110673.0
itEcZvJKPt8=,2024-06-17,737,814.5454545454545,814.5454545454545,814.5454545454545,80640.0,63451.0,45789.0,189880.0,1837,1104,1871,113,108,22,147,147,29,367975,93.79344849378555,178095.0
Fhmn0NtSFCs=,2024-06-20,737,1822.5416666666667,1822.5416666666667,1822.5416666666667,174964.0,61648.0,46725.0,283337.0,2857,1203,2915,93,106,54,117,117,59,550629,94.33713210770213,267292.0
x9vyLxWI+WI=,2024-06-29,320,853.7096774193549,853.7096774193549,853.7096774193549,52930.0,41400.0,75050.0,169380.0,2003,858,2051,50,58,89,71,71,109,332453,96.27641988428385,163073.0
wPq1YpM7dNY=,2024-06-21,320,687.2957746478874,687.2957746478874,687.2957746478874,97596.0,56621.0,10466.0,164683.0,1314,1088,1895,120,129,37,129,129,37,368147,123.54887875494131,203464.0
Z+rarX9eGx4=,2024-06-15,ERJ,505.97222222222223,505.97222222222223,505.97222222222223,36430.0,14780.0,22723.0,73933.0,1288,915,1297,81,81,21,88,88,23,205680,178.19782776297458,131747.0
TKwErHNI0Z4=,2024-06-17,320,424.7619047619048,424.7619047619048,424.7619047619048,62440.0,108438.0,0.0,170878.0,974,1386,2005,139,138,31,142,142,32,388809,127.5360198504196,217931.0
GMLKKuB75bo=,2024-06-27,738,652.9264705882352,652.9264705882352,652.9264705882352,88798.0,68746.0,25177.0,182721.0,1212,1482,1885,104,127,16,151,151,19,344422,88.49612250370784,161701.0
y64bcm3DjDk=,2024-06-15,737,318.2758620689655,318.2758620689655,318.2758620689655,27690.0,37820.0,44490.0,110000.0,1246,1482,1801,101,102,0,162,162,0,277010,151.8272727272727,167010.0
c4sVUD4LnFc=,2024-06-02,738,220.2063492063492,220.2063492063492,220.2063492063492,13873.0,47027.0,20442.0,81342.0,470,1124,1250,85,108,16,148,148,22,181342,122.93771975117404,100000.0
SYqdImkhK/M=,2024-06-05,CRJ,205.1851851851852,205.1851851851852,205.1851851851852,5540.0,7395.0,4441.0,17376.0,592,744,817,39,43,24,57,57,32,74688,329.8342541436464,57312.0
kCv63I95Hw0=,2024-06-20,CRJ,661.5217391304348,661.5217391304348,661.5217391304348,30430.0,13370.0,9060.0,52860.0,1123,684,1618,38,35,36,46,46,43,124862,136.2126371547484,72002.0
/aaDEhIbVZY=,2024-06-17,CRJ,322.85714285714283,322.85714285714283,322.85714285714283,6780.0,1360.0,14205.0,22345.0,624,379,762,18,15,27,36,36,53,37491,67.78250167822779,15146.0
aXJGnEhKFjk=,2024-06-04,320,280.0,280.0,280.0,21840.0,46505.0,28480.0,96825.0,1091,1929,2671,91,100,31,125,125,39,374982,287.27807900852054,278157.0
WtPOTfgqns4=,2024-06-19,738,298.8207547169811,298.8207547169811,298.8207547169811,31675.0,47346.0,15323.0,94344.0,897,1130,1219,117,126,31,138,138,34,285118,202.21105740693633,190774.0
Z9dniBZohC8=,2024-06-21,737,506.9306930693069,506.9306930693069,506.9306930693069,51200.0,72441.0,45056.0,168697.0,1309,1150,1663,109,103,38,122,122,42,324325,92.25297426747363,155628.0
uudlq7xGzkY=,2024-06-02,737,374.39716312056737,374.39716312056737,374.39716312056737,52790.0,48382.0,21640.0,122812.0,767,1035,1220,122,120,37,135,135,41,262914,114.0784288180308,140102.0
CMtyvx0wfns=,2024-06-10,320,444.3225806451613,444.3225806451613,444.3225806451613,27548.0,28459.0,40890.0,96897.0,1108,609,1821,51,57,71,77,77,97,220512,127.57360909006469,123615.0
lDbMeLnDkOk=,2024-06-30,320,561.9722222222222,561.9722222222222,561.9722222222222,40462.0,101781.0,49376.0,191619.0,1080,1572,2015,73,47,40,102,102,56,233324,21.764543182043532,41705.0
T+NGIcqgCF4=,2024-06-24,320,408.5869565217391,408.5869565217391,408.5869565217391,37590.0,107260.0,77220.0,222070.0,818,2036,2486,143,115,10,168,168,12,375974,69.3042734272977,153904.0
jYl9Hd9KNgM=,2024-06-18,319,513.9423076923077,513.9423076923077,513.9423076923077,26725.0,20287.0,35500.0,82512.0,1100,846,2005,52,52,68,58,58,76,237532,187.87570292805896,155020.0
g0Ohqo/Uk18=,2024-06-22,319,677.0891089108911,677.0891089108911,677.0891089108911,68386.0,78634.0,25736.0,172756.0,1329,1591,1866,67,93,0,138,138,0,237006,37.19118294010049,64250.0
Bo81kgSCdRw=,2024-06-12,320,735.5932203389831,735.5932203389831,735.5932203389831,43400.0,88537.0,143617.0,275554.0,1054,1760,2015,73,94,36,126,126,48,314922,14.28685484514832,39368.0
bBptvFOhelQ=,2024-06-16,737,593.0,593.0,593.0,43882.0,49056.0,62769.0,155707.0,1567,1246,2317,60,56,64,89,89,95,312084,100.43029536244357,156377.0
0IBAp1mw8+o=,2024-06-04,738,746.4887218045113,746.4887218045113,746.4887218045113,99283.0,41293.0,25918.0,166494.0,1469,1047,1668,99,84,7,159,159,11,245055,47.185484161591404,78561.0
iwpcKwiz70A=,2024-06-12,737,385.05882352941177,385.05882352941177,385.05882352941177,58914.0,104240.0,26740.0,189894.0,1386,1992,2104,152,132,15,167,167,17,505176,166.03052229138362,315282.0
YYiSsATUt4g=,2024-06-03,320,239.56521739130432,239.56521739130432,239.56521739130432,27550.0,47700.0,12810.0,88060.0,787,1227,1313,139,138,18,159,159,21,302353,243.3488530547354,214293.0
+XCZCCetuXE=,2024-06-01,CRJ,312.25,312.25,312.25,12490.0,14882.0,11176.0,38548.0,743,640,746,42,45,42,46,46,43,91338,136.94614506589187,52790.0
g9QYQ9CCT18=,2024-06-17,737,663.1111111111111,663.1111111111111,663.1111111111111,29840.0,22720.0,114940.0,167500.0,2011,1045,2449,72,58,76,90,90,96,391526,133.7468656716418,224026.0
3/HFy3qeyTc=,2024-06-25,321,524.9009900990098,524.9009900990098,524.9009900990098,106030.0,218720.0,4740.0,329490.0,1353,2078,2429,159,148,5,220,220,7,534816,62.31630701993991,205326.0
lYqMGSpPiic=,2024-06-15,320,214.86138613861385,214.86138613861385,214.86138613861385,21701.0,35110.0,15480.0,72291.0,694,955,1057,81,87,13,132,132,20,153040,111.69993498499122,80749.0
XkXqI5NBVeE=,2024-06-25,737,701.3793103448276,701.3793103448276,701.3793103448276,81360.0,80897.0,54396.0,216653.0,1575,1407,1635,97,97,30,137,137,43,338304,56.15015716375956,121651.0
CHBtY5fH3xY=,2024-06-01,320,345.32575757575756,345.32575757575756,345.32575757575756,45583.0,47331.0,14536.0,107450.0,907,1179,1428,83,103,19,140,140,26,223850,108.32945556072593,116400.0
jciVLvbMtzw=,2024-06-05,320,657.5,657.5,657.5,55230.0,40930.0,59350.0,155510.0,1072,1516,1605,96,92,42,125,125,55,309794,99.21162626197673,154284.0
s41THQLO3F0=,2024-06-02,320,475.4230769230769,475.4230769230769,475.4230769230769,37083.0,30064.0,22475.0,89622.0,1340,1102,1711,117,109,51,109,109,49,350017,290.5480797125706,260395.0
BnYIhQSAPf4=,2024-06-23,320,1140.4761904761904,1140.4761904761904,1140.4761904761904,23950.0,32950.0,65350.0,122250.0,1835,1299,2143,48,74,36,106,106,52,261354,113.78650306748466,139104.0
egmvCGQc/+Y=,2024-06-30,320,447.4782608695652,447.4782608695652,447.4782608695652,20584.0,32830.0,24863.0,78277.0,911,709,1107,71,63,52,91,91,67,166912,113.23249485800426,88635.0
QG2DG350pQ0=,2024-06-09,737,325.9622641509434,325.9622641509434,325.9622641509434,34552.0,48539.0,7292.0,90383.0,1150,1043,1401,90,92,38,90,90,38,250608,177.27338105617207,160225.0
EKM1u6mcV+k=,2024-06-04,320,415.55555555555554,415.55555555555554,415.55555555555554,59840.0,112860.0,20140.0,192840.0,1479,1941,2017,139,132,0,174,174,0,461793,139.46950840074672,268953.0
WlPssD/OccQ=,2024-06-08,CRJ,416.5806451612903,416.5806451612903,416.5806451612903,25828.0,10408.0,0.0,36236.0,669,382,892,63,47,26,63,63,26,83293,129.86256761231925,47057.0
wESOZbqL3bo=,2024-06-12,320,415.5769230769231,415.5769230769231,415.5769230769231,21610.0,95420.0,30720.0,147750.0,1225,1568,2223,128,114,36,136,136,38,415580,181.27241962774957,267830.0
lDbMeLnDkOk=,2024-06-06,320,591.5254237288135,591.5254237288135,591.5254237288135,34900.0,31571.0,42450.0,108921.0,1080,1572,1661,64,51,55,85,85,73,240647,120.93719301144867,131726.0
AngXc8cI8t8=,2024-06-09,737,435.1011235955056,435.1011235955056,435.1011235955056,38724.0,155600.0,2772.0,197096.0,1042,1908,2160,109,112,8,153,153,11,344554,74.81531842350935,147458.0
WffwAF7bXmk=,2024-06-23,320,557.7826086956521,557.7826086956521,557.7826086956521,25658.0,41410.0,116180.0,183248.0,872,1519,2473,63,42,49,98,98,76,239911,30.921483454116828,56663.0
2buXr9e9K8Q=,2024-06-08,737,230.6027397260274,230.6027397260274,230.6027397260274,16834.0,43044.0,44840.0,104718.0,611,1460,1623,92,93,36,123,123,47,250420,139.13749307664395,145702.0
F5RkBLbr2fc=,2024-06-04,320,458.9904761904762,458.9904761904762,458.9904761904762,48194.0,38478.0,31620.0,118292.0,1201,1837,2102,104,69,75,99,99,75,403302,240.93767964021237,285010.0
/4FL1AvlKaI=,2024-06-17,737,743.6576576576576,743.6576576576576,743.6576576576576,82546.0,71907.0,51361.0,205814.0,1725,1586,2105,106,111,12,153,153,17,384156,86.65202561536144,178342.0
v7kRwRE1Szk=,2024-06-04,321,686.8782051282051,686.8782051282051,686.8782051282051,107153.0,74793.0,1236.0,183182.0,1603,1088,1827,158,171,54,158,158,40,498258,172.00161587928946,315076.0
riIkj8w23AE=,2024-06-30,320,855.2380952380952,855.2380952380952,855.2380952380952,71840.0,44671.0,41800.0,158311.0,1638,1132,2021,86,93,40,106,106,46,326984,106.54534429066838,168673.0
s41THQLO3F0=,2024-06-01,320,478.3739837398374,478.3739837398374,478.3739837398374,58840.0,41575.0,9250.0,109665.0,1340,1102,1711,106,106,45,111,111,47,335847,206.24811927232938,226182.0
uNWYEmhLIzs=,2024-06-22,321,566.9433962264151,566.9433962264151,566.9433962264151,30048.0,37481.0,97741.0,165270.0,894,1080,1300,86,90,100,99,99,111,304084,83.99225509771888,138814.0
i/F5QE/s9Lo=,2024-06-07,320,741.8666666666667,741.8666666666667,741.8666666666667,111280.0,90250.0,33210.0,234740.0,2138,1031,2721,151,167,10,170,170,10,522225,122.46954076850984,287485.0
xb0zI9xi/pU=,2024-06-24,737,846.5044247787611,846.5044247787611,846.5044247787611,95655.0,49880.0,0.0,145535.0,1561,611,1769,89,111,32,132,132,38,263358,80.95853231181502,117823.0
6wNve+ovD3Q=,2024-06-06,737,977.8740157480316,977.8740157480316,977.8740157480316,124190.0,70933.0,35966.0,231089.0,1582,1453,2466,112,86,60,117,117,63,450102,94.77430773424958,219013.0
itEcZvJKPt8=,2024-06-01,737,787.5416666666666,787.5416666666666,787.5416666666666,94505.0,42041.0,31065.0,167611.0,1837,1104,1871,112,122,22,149,149,27,381594,127.66644193996814,213983.0
u5+On6JkQek=,2024-06-08,737,385.7910447761194,385.7910447761194,385.7910447761194,51696.0,59634.0,17524.0,128854.0,874,1020,1479,139,136,27,142,142,28,300139,132.92951712791222,171285.0
OfE6xJ28ApI=,2024-06-16,320,467.4125874125874,467.4125874125874,467.4125874125874,66840.0,21050.0,11472.0,99362.0,1314,938,1752,123,134,34,144,144,36,346882,249.109317445301,247520.0
SPn3Qu6ChAU=,2024-06-02,320,727.2857142857143,727.2857142857143,727.2857142857143,45819.0,40480.0,28630.0,114929.0,1079,965,1229,61,65,46,89,89,63,185078,61.03681403301169,70149.0
L3AEY35RJDQ=,2024-06-27,737,910.1267605633802,910.1267605633802,910.1267605633802,129238.0,136149.0,5072.0,270459.0,1260,1440,1788,133,138,16,158,158,18,394908,46.013998424899896,124449.0
Uxa3Cihsjp4=,2024-06-17,320,466.94117647058823,466.94117647058823,466.94117647058823,39690.0,48130.0,36750.0,124570.0,1243,1229,1469,111,113,15,154,154,20,298885,139.93337079553666,174315.0
dSCwRcobh98=,2024-06-13,320,434.59183673469386,434.59183673469386,434.59183673469386,42590.0,8280.0,32330.0,83200.0,1381,384,1647,60,55,72,82,82,98,222564,167.50480769230768,139364.0
mhRPCz2OaoI=,2024-06-20,320,809.1234567901234,809.1234567901234,809.1234567901234,65539.0,58193.0,37514.0,161246.0,1649,1197,1947,79,115,28,127,127,31,322442,99.9689914788584,161196.0
