航班日期,A,B,C,航段,航班号,距离天数,人数
2023-01-02,xIqe+QQIQXQ=,t+kFcRdzL6o=,/M8gHzjxpNU=,xIqe+QQIQXQ=-t+kFcRdzL6o=,A4tgQv5cqkc=,6,69
2023-01-02,xIqe+QQIQXQ=,t+kFcRdzL6o=,/M8gHzjxpNU=,xIqe+QQIQXQ=-t+kFcRdzL6o=,A4tgQv5cqkc=,5,73
2023-01-02,xIqe+QQIQXQ=,t+kFcRdzL6o=,/M8gHzjxpNU=,xIqe+QQIQXQ=-t+kFcRdzL6o=,A4tgQv5cqkc=,4,69
2023-01-02,xIqe+QQIQXQ=,t+kFcRdzL6o=,/M8gHzjxpNU=,xIqe+QQIQXQ=-t+kFcRdzL6o=,A4tgQv5cqkc=,3,80
2023-01-02,xIqe+QQIQXQ=,t+kFcRdzL6o=,/M8gHzjxpNU=,xIqe+QQIQXQ=-t+kFcRdzL6o=,A4tgQv5cqkc=,2,99
2023-01-02,xIqe+QQIQXQ=,t+kFcRdzL6o=,/M8gHzjxpNU=,xIqe+QQIQXQ=-t+kFcRdzL6o=,A4tgQv5cqkc=,1,116
2023-01-02,xIqe+QQIQXQ=,t+kFcRdzL6o=,/M8gHzjxpNU=,xIqe+QQIQXQ=-t+kFcRdzL6o=,A4tgQv5cqkc=,0,145
2023-01-02,xIqe+QQIQXQ=,t+kFcRdzL6o=,/M8gHzjxpNU=,xIqe+QQIQXQ=-/M8gHzjxpNU=,A4tgQv5cqkc=,6,69
2023-01-02,xIqe+QQIQXQ=,t+kFcRdzL6o=,/M8gHzjxpNU=,xIqe+QQIQXQ=-/M8gHzjxpNU=,A4tgQv5cqkc=,5,73
2023-01-02,xIqe+QQIQXQ=,t+kFcRdzL6o=,/M8gHzjxpNU=,xIqe+QQIQXQ=-/M8gHzjxpNU=,A4tgQv5cqkc=,4,69
2023-01-02,xIqe+QQIQXQ=,t+kFcRdzL6o=,/M8gHzjxpNU=,xIqe+QQIQXQ=-/M8gHzjxpNU=,A4tgQv5cqkc=,3,80
2023-01-02,xIqe+QQIQXQ=,t+kFcRdzL6o=,/M8gHzjxpNU=,xIqe+QQIQXQ=-/M8gHzjxpNU=,A4tgQv5cqkc=,2,99
2023-01-02,xIqe+QQIQXQ=,t+kFcRdzL6o=,/M8gHzjxpNU=,xIqe+QQIQXQ=-/M8gHzjxpNU=,A4tgQv5cqkc=,1,116
2023-01-02,xIqe+QQIQXQ=,t+kFcRdzL6o=,/M8gHzjxpNU=,xIqe+QQIQXQ=-/M8gHzjxpNU=,A4tgQv5cqkc=,0,145
2023-01-02,xIqe+QQIQXQ=,t+kFcRdzL6o=,/M8gHzjxpNU=,t+kFcRdzL6o=-/M8gHzjxpNU=,A4tgQv5cqkc=,6,71
2023-01-02,xIqe+QQIQXQ=,t+kFcRdzL6o=,/M8gHzjxpNU=,t+kFcRdzL6o=-/M8gHzjxpNU=,A4tgQv5cqkc=,5,71
2023-01-02,xIqe+QQIQXQ=,t+kFcRdzL6o=,/M8gHzjxpNU=,t+kFcRdzL6o=-/M8gHzjxpNU=,A4tgQv5cqkc=,4,68
2023-01-02,xIqe+QQIQXQ=,t+kFcRdzL6o=,/M8gHzjxpNU=,t+kFcRdzL6o=-/M8gHzjxpNU=,A4tgQv5cqkc=,3,80
2023-01-02,xIqe+QQIQXQ=,t+kFcRdzL6o=,/M8gHzjxpNU=,t+kFcRdzL6o=-/M8gHzjxpNU=,A4tgQv5cqkc=,2,99
2023-01-02,xIqe+QQIQXQ=,t+kFcRdzL6o=,/M8gHzjxpNU=,t+kFcRdzL6o=-/M8gHzjxpNU=,A4tgQv5cqkc=,1,117
2023-01-02,xIqe+QQIQXQ=,t+kFcRdzL6o=,/M8gHzjxpNU=,t+kFcRdzL6o=-/M8gHzjxpNU=,A4tgQv5cqkc=,0,144
2023-01-02,xIqe+QQIQXQ=,t+kFcRdzL6o=,/M8gHzjxpNU=,xIqe+QQIQXQ=-/M8gHzjxpNU=,A4tgQv5cqkc=,22,36
2023-01-02,xIqe+QQIQXQ=,t+kFcRdzL6o=,/M8gHzjxpNU=,xIqe+QQIQXQ=-t+kFcRdzL6o=,A4tgQv5cqkc=,29,0
2023-01-02,xIqe+QQIQXQ=,t+kFcRdzL6o=,/M8gHzjxpNU=,xIqe+QQIQXQ=-t+kFcRdzL6o=,A4tgQv5cqkc=,28,0
2023-01-02,xIqe+QQIQXQ=,t+kFcRdzL6o=,/M8gHzjxpNU=,xIqe+QQIQXQ=-t+kFcRdzL6o=,A4tgQv5cqkc=,27,1
2023-01-02,xIqe+QQIQXQ=,t+kFcRdzL6o=,/M8gHzjxpNU=,xIqe+QQIQXQ=-t+kFcRdzL6o=,A4tgQv5cqkc=,26,1
2023-01-02,xIqe+QQIQXQ=,t+kFcRdzL6o=,/M8gHzjxpNU=,xIqe+QQIQXQ=-t+kFcRdzL6o=,A4tgQv5cqkc=,25,9
2023-01-02,xIqe+QQIQXQ=,t+kFcRdzL6o=,/M8gHzjxpNU=,xIqe+QQIQXQ=-t+kFcRdzL6o=,A4tgQv5cqkc=,24,16
2023-01-02,xIqe+QQIQXQ=,t+kFcRdzL6o=,/M8gHzjxpNU=,xIqe+QQIQXQ=-t+kFcRdzL6o=,A4tgQv5cqkc=,23,27
2023-01-02,xIqe+QQIQXQ=,t+kFcRdzL6o=,/M8gHzjxpNU=,xIqe+QQIQXQ=-t+kFcRdzL6o=,A4tgQv5cqkc=,22,36
2023-01-02,xIqe+QQIQXQ=,t+kFcRdzL6o=,/M8gHzjxpNU=,xIqe+QQIQXQ=-t+kFcRdzL6o=,A4tgQv5cqkc=,21,36
2023-01-02,xIqe+QQIQXQ=,t+kFcRdzL6o=,/M8gHzjxpNU=,xIqe+QQIQXQ=-t+kFcRdzL6o=,A4tgQv5cqkc=,20,36
2023-01-02,xIqe+QQIQXQ=,t+kFcRdzL6o=,/M8gHzjxpNU=,xIqe+QQIQXQ=-t+kFcRdzL6o=,A4tgQv5cqkc=,19,41
2023-01-02,xIqe+QQIQXQ=,t+kFcRdzL6o=,/M8gHzjxpNU=,xIqe+QQIQXQ=-t+kFcRdzL6o=,A4tgQv5cqkc=,18,51
2023-01-02,xIqe+QQIQXQ=,t+kFcRdzL6o=,/M8gHzjxpNU=,xIqe+QQIQXQ=-t+kFcRdzL6o=,A4tgQv5cqkc=,17,51
2023-01-02,xIqe+QQIQXQ=,t+kFcRdzL6o=,/M8gHzjxpNU=,xIqe+QQIQXQ=-t+kFcRdzL6o=,A4tgQv5cqkc=,16,51
2023-01-02,xIqe+QQIQXQ=,t+kFcRdzL6o=,/M8gHzjxpNU=,xIqe+QQIQXQ=-t+kFcRdzL6o=,A4tgQv5cqkc=,15,55
2023-01-02,xIqe+QQIQXQ=,t+kFcRdzL6o=,/M8gHzjxpNU=,xIqe+QQIQXQ=-t+kFcRdzL6o=,A4tgQv5cqkc=,14,55
2023-01-02,xIqe+QQIQXQ=,t+kFcRdzL6o=,/M8gHzjxpNU=,xIqe+QQIQXQ=-t+kFcRdzL6o=,A4tgQv5cqkc=,13,58
2023-01-02,xIqe+QQIQXQ=,t+kFcRdzL6o=,/M8gHzjxpNU=,xIqe+QQIQXQ=-t+kFcRdzL6o=,A4tgQv5cqkc=,12,69
2023-01-02,xIqe+QQIQXQ=,t+kFcRdzL6o=,/M8gHzjxpNU=,xIqe+QQIQXQ=-t+kFcRdzL6o=,A4tgQv5cqkc=,11,71
2023-01-02,xIqe+QQIQXQ=,t+kFcRdzL6o=,/M8gHzjxpNU=,xIqe+QQIQXQ=-t+kFcRdzL6o=,A4tgQv5cqkc=,10,71
2023-01-02,xIqe+QQIQXQ=,t+kFcRdzL6o=,/M8gHzjxpNU=,xIqe+QQIQXQ=-t+kFcRdzL6o=,A4tgQv5cqkc=,9,72
2023-01-02,xIqe+QQIQXQ=,t+kFcRdzL6o=,/M8gHzjxpNU=,xIqe+QQIQXQ=-t+kFcRdzL6o=,A4tgQv5cqkc=,8,73
2023-01-02,xIqe+QQIQXQ=,t+kFcRdzL6o=,/M8gHzjxpNU=,xIqe+QQIQXQ=-t+kFcRdzL6o=,A4tgQv5cqkc=,7,72
2023-01-02,xIqe+QQIQXQ=,t+kFcRdzL6o=,/M8gHzjxpNU=,xIqe+QQIQXQ=-t+kFcRdzL6o=,A4tgQv5cqkc=,6,73
2023-01-02,xIqe+QQIQXQ=,t+kFcRdzL6o=,/M8gHzjxpNU=,xIqe+QQIQXQ=-t+kFcRdzL6o=,A4tgQv5cqkc=,5,69
2023-01-02,xIqe+QQIQXQ=,t+kFcRdzL6o=,/M8gHzjxpNU=,xIqe+QQIQXQ=-t+kFcRdzL6o=,A4tgQv5cqkc=,4,73
2023-01-02,xIqe+QQIQXQ=,t+kFcRdzL6o=,/M8gHzjxpNU=,xIqe+QQIQXQ=-t+kFcRdzL6o=,A4tgQv5cqkc=,3,69
2023-01-02,xIqe+QQIQXQ=,t+kFcRdzL6o=,/M8gHzjxpNU=,xIqe+QQIQXQ=-t+kFcRdzL6o=,A4tgQv5cqkc=,2,80
2023-01-02,xIqe+QQIQXQ=,t+kFcRdzL6o=,/M8gHzjxpNU=,xIqe+QQIQXQ=-t+kFcRdzL6o=,A4tgQv5cqkc=,1,99
2023-01-02,xIqe+QQIQXQ=,t+kFcRdzL6o=,/M8gHzjxpNU=,xIqe+QQIQXQ=-t+kFcRdzL6o=,A4tgQv5cqkc=,0,116
2023-01-02,xIqe+QQIQXQ=,t+kFcRdzL6o=,/M8gHzjxpNU=,xIqe+QQIQXQ=-t+kFcRdzL6o=,A4tgQv5cqkc=,-1,145
2023-01-02,xIqe+QQIQXQ=,t+kFcRdzL6o=,/M8gHzjxpNU=,xIqe+QQIQXQ=-/M8gHzjxpNU=,A4tgQv5cqkc=,29,0
2023-01-02,xIqe+QQIQXQ=,t+kFcRdzL6o=,/M8gHzjxpNU=,xIqe+QQIQXQ=-/M8gHzjxpNU=,A4tgQv5cqkc=,28,0
2023-01-02,xIqe+QQIQXQ=,t+kFcRdzL6o=,/M8gHzjxpNU=,xIqe+QQIQXQ=-/M8gHzjxpNU=,A4tgQv5cqkc=,27,1
2023-01-02,xIqe+QQIQXQ=,t+kFcRdzL6o=,/M8gHzjxpNU=,xIqe+QQIQXQ=-/M8gHzjxpNU=,A4tgQv5cqkc=,26,1
2023-01-02,xIqe+QQIQXQ=,t+kFcRdzL6o=,/M8gHzjxpNU=,xIqe+QQIQXQ=-/M8gHzjxpNU=,A4tgQv5cqkc=,25,9
2023-01-02,xIqe+QQIQXQ=,t+kFcRdzL6o=,/M8gHzjxpNU=,xIqe+QQIQXQ=-/M8gHzjxpNU=,A4tgQv5cqkc=,24,16
2023-01-02,xIqe+QQIQXQ=,t+kFcRdzL6o=,/M8gHzjxpNU=,xIqe+QQIQXQ=-/M8gHzjxpNU=,A4tgQv5cqkc=,23,27
2023-01-02,xIqe+QQIQXQ=,t+kFcRdzL6o=,/M8gHzjxpNU=,xIqe+QQIQXQ=-/M8gHzjxpNU=,A4tgQv5cqkc=,21,36
2023-01-02,xIqe+QQIQXQ=,t+kFcRdzL6o=,/M8gHzjxpNU=,xIqe+QQIQXQ=-/M8gHzjxpNU=,A4tgQv5cqkc=,20,36
2023-01-02,xIqe+QQIQXQ=,t+kFcRdzL6o=,/M8gHzjxpNU=,xIqe+QQIQXQ=-/M8gHzjxpNU=,A4tgQv5cqkc=,19,41
2023-01-02,xIqe+QQIQXQ=,t+kFcRdzL6o=,/M8gHzjxpNU=,xIqe+QQIQXQ=-/M8gHzjxpNU=,A4tgQv5cqkc=,18,51
2023-01-02,xIqe+QQIQXQ=,t+kFcRdzL6o=,/M8gHzjxpNU=,xIqe+QQIQXQ=-/M8gHzjxpNU=,A4tgQv5cqkc=,17,51
2023-01-02,xIqe+QQIQXQ=,t+kFcRdzL6o=,/M8gHzjxpNU=,xIqe+QQIQXQ=-/M8gHzjxpNU=,A4tgQv5cqkc=,16,51
2023-01-02,xIqe+QQIQXQ=,t+kFcRdzL6o=,/M8gHzjxpNU=,xIqe+QQIQXQ=-/M8gHzjxpNU=,A4tgQv5cqkc=,15,55
2023-01-02,xIqe+QQIQXQ=,t+kFcRdzL6o=,/M8gHzjxpNU=,xIqe+QQIQXQ=-/M8gHzjxpNU=,A4tgQv5cqkc=,14,55
2023-01-02,xIqe+QQIQXQ=,t+kFcRdzL6o=,/M8gHzjxpNU=,xIqe+QQIQXQ=-/M8gHzjxpNU=,A4tgQv5cqkc=,13,58
2023-01-02,xIqe+QQIQXQ=,t+kFcRdzL6o=,/M8gHzjxpNU=,xIqe+QQIQXQ=-/M8gHzjxpNU=,A4tgQv5cqkc=,12,69
2023-01-02,xIqe+QQIQXQ=,t+kFcRdzL6o=,/M8gHzjxpNU=,xIqe+QQIQXQ=-/M8gHzjxpNU=,A4tgQv5cqkc=,11,71
2023-01-02,xIqe+QQIQXQ=,t+kFcRdzL6o=,/M8gHzjxpNU=,xIqe+QQIQXQ=-/M8gHzjxpNU=,A4tgQv5cqkc=,10,71
2023-01-02,xIqe+QQIQXQ=,t+kFcRdzL6o=,/M8gHzjxpNU=,xIqe+QQIQXQ=-/M8gHzjxpNU=,A4tgQv5cqkc=,9,72
2023-01-02,xIqe+QQIQXQ=,t+kFcRdzL6o=,/M8gHzjxpNU=,xIqe+QQIQXQ=-/M8gHzjxpNU=,A4tgQv5cqkc=,8,73
2023-01-02,xIqe+QQIQXQ=,t+kFcRdzL6o=,/M8gHzjxpNU=,xIqe+QQIQXQ=-/M8gHzjxpNU=,A4tgQv5cqkc=,7,72
2023-01-02,xIqe+QQIQXQ=,t+kFcRdzL6o=,/M8gHzjxpNU=,xIqe+QQIQXQ=-/M8gHzjxpNU=,A4tgQv5cqkc=,6,73
2023-01-02,xIqe+QQIQXQ=,t+kFcRdzL6o=,/M8gHzjxpNU=,xIqe+QQIQXQ=-/M8gHzjxpNU=,A4tgQv5cqkc=,5,69
2023-01-02,xIqe+QQIQXQ=,t+kFcRdzL6o=,/M8gHzjxpNU=,xIqe+QQIQXQ=-/M8gHzjxpNU=,A4tgQv5cqkc=,4,73
2023-01-02,xIqe+QQIQXQ=,t+kFcRdzL6o=,/M8gHzjxpNU=,xIqe+QQIQXQ=-/M8gHzjxpNU=,A4tgQv5cqkc=,3,69
2023-01-02,xIqe+QQIQXQ=,t+kFcRdzL6o=,/M8gHzjxpNU=,xIqe+QQIQXQ=-/M8gHzjxpNU=,A4tgQv5cqkc=,2,80
2023-01-02,xIqe+QQIQXQ=,t+kFcRdzL6o=,/M8gHzjxpNU=,xIqe+QQIQXQ=-/M8gHzjxpNU=,A4tgQv5cqkc=,1,99
2023-01-02,xIqe+QQIQXQ=,t+kFcRdzL6o=,/M8gHzjxpNU=,xIqe+QQIQXQ=-/M8gHzjxpNU=,A4tgQv5cqkc=,0,116
2023-01-02,xIqe+QQIQXQ=,t+kFcRdzL6o=,/M8gHzjxpNU=,xIqe+QQIQXQ=-/M8gHzjxpNU=,A4tgQv5cqkc=,-1,145
2023-01-02,xIqe+QQIQXQ=,t+kFcRdzL6o=,/M8gHzjxpNU=,t+kFcRdzL6o=-/M8gHzjxpNU=,A4tgQv5cqkc=,29,0
2023-01-02,xIqe+QQIQXQ=,t+kFcRdzL6o=,/M8gHzjxpNU=,t+kFcRdzL6o=-/M8gHzjxpNU=,A4tgQv5cqkc=,28,0
2023-01-02,xIqe+QQIQXQ=,t+kFcRdzL6o=,/M8gHzjxpNU=,t+kFcRdzL6o=-/M8gHzjxpNU=,A4tgQv5cqkc=,27,0
2023-01-02,xIqe+QQIQXQ=,t+kFcRdzL6o=,/M8gHzjxpNU=,t+kFcRdzL6o=-/M8gHzjxpNU=,A4tgQv5cqkc=,26,0
2023-01-02,xIqe+QQIQXQ=,t+kFcRdzL6o=,/M8gHzjxpNU=,t+kFcRdzL6o=-/M8gHzjxpNU=,A4tgQv5cqkc=,25,8
2023-01-02,xIqe+QQIQXQ=,t+kFcRdzL6o=,/M8gHzjxpNU=,t+kFcRdzL6o=-/M8gHzjxpNU=,A4tgQv5cqkc=,24,15
2023-01-02,xIqe+QQIQXQ=,t+kFcRdzL6o=,/M8gHzjxpNU=,t+kFcRdzL6o=-/M8gHzjxpNU=,A4tgQv5cqkc=,23,26
2023-01-02,xIqe+QQIQXQ=,t+kFcRdzL6o=,/M8gHzjxpNU=,t+kFcRdzL6o=-/M8gHzjxpNU=,A4tgQv5cqkc=,22,37
2023-01-02,xIqe+QQIQXQ=,t+kFcRdzL6o=,/M8gHzjxpNU=,t+kFcRdzL6o=-/M8gHzjxpNU=,A4tgQv5cqkc=,21,37
2023-01-02,xIqe+QQIQXQ=,t+kFcRdzL6o=,/M8gHzjxpNU=,t+kFcRdzL6o=-/M8gHzjxpNU=,A4tgQv5cqkc=,20,37
2023-01-02,xIqe+QQIQXQ=,t+kFcRdzL6o=,/M8gHzjxpNU=,t+kFcRdzL6o=-/M8gHzjxpNU=,A4tgQv5cqkc=,19,42
2023-01-02,xIqe+QQIQXQ=,t+kFcRdzL6o=,/M8gHzjxpNU=,t+kFcRdzL6o=-/M8gHzjxpNU=,A4tgQv5cqkc=,18,49
2023-01-02,xIqe+QQIQXQ=,t+kFcRdzL6o=,/M8gHzjxpNU=,t+kFcRdzL6o=-/M8gHzjxpNU=,A4tgQv5cqkc=,17,49
2023-01-02,xIqe+QQIQXQ=,t+kFcRdzL6o=,/M8gHzjxpNU=,t+kFcRdzL6o=-/M8gHzjxpNU=,A4tgQv5cqkc=,16,49
2023-01-02,xIqe+QQIQXQ=,t+kFcRdzL6o=,/M8gHzjxpNU=,t+kFcRdzL6o=-/M8gHzjxpNU=,A4tgQv5cqkc=,15,53
2023-01-02,xIqe+QQIQXQ=,t+kFcRdzL6o=,/M8gHzjxpNU=,t+kFcRdzL6o=-/M8gHzjxpNU=,A4tgQv5cqkc=,14,53
2023-01-02,xIqe+QQIQXQ=,t+kFcRdzL6o=,/M8gHzjxpNU=,t+kFcRdzL6o=-/M8gHzjxpNU=,A4tgQv5cqkc=,13,56
2023-01-02,xIqe+QQIQXQ=,t+kFcRdzL6o=,/M8gHzjxpNU=,t+kFcRdzL6o=-/M8gHzjxpNU=,A4tgQv5cqkc=,12,67
2023-01-02,xIqe+QQIQXQ=,t+kFcRdzL6o=,/M8gHzjxpNU=,t+kFcRdzL6o=-/M8gHzjxpNU=,A4tgQv5cqkc=,11,69
2023-01-02,xIqe+QQIQXQ=,t+kFcRdzL6o=,/M8gHzjxpNU=,t+kFcRdzL6o=-/M8gHzjxpNU=,A4tgQv5cqkc=,10,70
2023-01-02,xIqe+QQIQXQ=,t+kFcRdzL6o=,/M8gHzjxpNU=,t+kFcRdzL6o=-/M8gHzjxpNU=,A4tgQv5cqkc=,9,71
2023-01-02,xIqe+QQIQXQ=,t+kFcRdzL6o=,/M8gHzjxpNU=,t+kFcRdzL6o=-/M8gHzjxpNU=,A4tgQv5cqkc=,8,72
2023-01-02,xIqe+QQIQXQ=,t+kFcRdzL6o=,/M8gHzjxpNU=,t+kFcRdzL6o=-/M8gHzjxpNU=,A4tgQv5cqkc=,7,73
2023-01-02,xIqe+QQIQXQ=,t+kFcRdzL6o=,/M8gHzjxpNU=,t+kFcRdzL6o=-/M8gHzjxpNU=,A4tgQv5cqkc=,6,74
2023-01-02,xIqe+QQIQXQ=,t+kFcRdzL6o=,/M8gHzjxpNU=,t+kFcRdzL6o=-/M8gHzjxpNU=,A4tgQv5cqkc=,5,71
2023-01-02,xIqe+QQIQXQ=,t+kFcRdzL6o=,/M8gHzjxpNU=,t+kFcRdzL6o=-/M8gHzjxpNU=,A4tgQv5cqkc=,4,71
2023-01-02,xIqe+QQIQXQ=,t+kFcRdzL6o=,/M8gHzjxpNU=,t+kFcRdzL6o=-/M8gHzjxpNU=,A4tgQv5cqkc=,3,68
2023-01-02,xIqe+QQIQXQ=,t+kFcRdzL6o=,/M8gHzjxpNU=,t+kFcRdzL6o=-/M8gHzjxpNU=,A4tgQv5cqkc=,2,80
2023-01-02,xIqe+QQIQXQ=,t+kFcRdzL6o=,/M8gHzjxpNU=,t+kFcRdzL6o=-/M8gHzjxpNU=,A4tgQv5cqkc=,1,99
2023-01-02,xIqe+QQIQXQ=,t+kFcRdzL6o=,/M8gHzjxpNU=,t+kFcRdzL6o=-/M8gHzjxpNU=,A4tgQv5cqkc=,0,117
2023-01-02,xIqe+QQIQXQ=,t+kFcRdzL6o=,/M8gHzjxpNU=,t+kFcRdzL6o=-/M8gHzjxpNU=,A4tgQv5cqkc=,-1,144
